{"cameraMode":{"drawMode":0,"name":"Shaded","section":"Shading Mode"},"sceneLighting":true,"audioPlay":false,"sceneViewState":{"showFog":true,"showMaterialUpdate":false,"showSkybox":true,"showFlares":true,"showImageEffects":true,"showParticleSystems":true},"in2DMode":false,"pivot":{"x":3.563519239425659,"y":1.4657394886016846,"z":-1030.3670654296875},"rotation":{"x":0.16070955991744996,"y":-0.010953485034406186,"z":0.0017337907338514925,"w":0.9869896769523621},"size":206.510986328125,"orthographic":false}