{"cameraMode":{"drawMode":0,"name":"Shaded","section":"Shading Mode"},"sceneLighting":true,"audioPlay":false,"sceneViewState":{"showFog":true,"showMaterialUpdate":false,"showSkybox":true,"showFlares":true,"showImageEffects":true,"showParticleSystems":true},"in2DMode":false,"pivot":{"x":-5.399999618530273,"y":2.109999895095825,"z":0.0},"rotation":{"x":0.2078668624162674,"y":0.21056774258613587,"z":-0.04588070884346962,"w":0.9541287422180176},"size":13.542893409729004,"orthographic":false}