{"cameraMode":{"drawMode":0,"name":"Shaded","section":"Shading Mode"},"sceneLighting":true,"audioPlay":false,"sceneViewState":{"showFog":true,"showMaterialUpdate":false,"showSkybox":true,"showFlares":true,"showImageEffects":true,"showParticleSystems":true},"in2DMode":false,"pivot":{"x":-108.71585845947266,"y":215.54469299316407,"z":-626.4728393554688},"rotation":{"x":0.21365761756896974,"y":0.030158502981066705,"z":-0.006757099647074938,"w":0.9764941334724426},"size":30.089210510253908,"orthographic":false}