{"cameraMode":{"drawMode":0,"name":"Shaded","section":"Shading Mode"},"sceneLighting":true,"audioPlay":false,"sceneViewState":{"showFog":true,"showMaterialUpdate":false,"showSkybox":true,"showFlares":true,"showImageEffects":true,"showParticleSystems":true},"in2DMode":false,"pivot":{"x":50.17939758300781,"y":66.38211059570313,"z":-23.16363525390625},"rotation":{"x":0.11744217574596405,"y":0.05746743828058243,"z":-0.00692371791228652,"w":0.9914622902870178},"size":645.5886840820313,"orthographic":false}