{"cameraMode":{"drawMode":0,"name":"Shaded","section":"Shading Mode"},"sceneLighting":true,"audioPlay":false,"sceneViewState":{"showFog":true,"showMaterialUpdate":false,"showSkybox":true,"showFlares":true,"showImageEffects":true,"showParticleSystems":true},"in2DMode":false,"pivot":{"x":-11.720050811767579,"y":-4.010000228881836,"z":0.0},"rotation":{"x":0.1269351840019226,"y":-0.05976463481783867,"z":0.007656744681298733,"w":0.9900884628295898},"size":5.166993141174316,"orthographic":false}