{"cameraMode":{"drawMode":0,"name":"Shaded","section":"Shading Mode"},"sceneLighting":true,"audioPlay":false,"sceneViewState":{"showFog":true,"showMaterialUpdate":false,"showSkybox":true,"showFlares":true,"showImageEffects":true,"showParticleSystems":true},"in2DMode":false,"pivot":{"x":-18.263587951660158,"y":-175.94021606445313,"z":138.79733276367188},"rotation":{"x":0.11153899878263474,"y":0.050072766840457919,"z":-0.005658695474267006,"w":0.9925305843353272},"size":1233.1595458984375,"orthographic":false}