{"cameraMode":{"drawMode":0,"name":"Shaded","section":"Shading Mode"},"sceneLighting":true,"audioPlay":false,"sceneViewState":{"showFog":true,"showMaterialUpdate":false,"showSkybox":true,"showFlares":true,"showImageEffects":true,"showParticleSystems":true},"in2DMode":false,"pivot":{"x":126.86271667480469,"y":197.28883361816407,"z":-103.83750915527344},"rotation":{"x":0.07434120029211045,"y":0.009880490601062775,"z":-0.0007484518573619425,"w":0.9972286820411682},"size":199.021240234375,"orthographic":false}