{"cameraMode":{"drawMode":0,"name":"Shaded","section":"Shading Mode"},"sceneLighting":true,"audioPlay":false,"sceneViewState":{"showFog":true,"showMaterialUpdate":false,"showSkybox":true,"showFlares":true,"showImageEffects":true,"showParticleSystems":true},"in2DMode":false,"pivot":{"x":-4.199408531188965,"y":3.1000380516052248,"z":-3.0295372009277345},"rotation":{"x":0.08160162717103958,"y":0.1397705078125,"z":-0.01156436838209629,"w":0.9867566823959351},"size":13.5580472946167,"orthographic":false}